{"cameraMode":{"drawMode":0,"name":"Shaded","section":"Shading Mode"},"sceneLighting":true,"audioPlay":false,"sceneViewState":{"m_AlwaysRefresh":false,"showFog":true,"showSkybox":true,"showFlares":true,"showImageEffects":true,"showParticleSystems":true,"showVisualEffectGraphs":true,"m_FxEnabled":true},"in2DMode":false,"pivot":{"x":0.1277320384979248,"y":1.1881072521209717,"z":-2.6374683380126955},"rotation":{"x":0.1403103470802307,"y":0.17720040678977967,"z":-0.02553299441933632,"w":0.9737896919250488},"size":0.026497893035411836,"orthographic":false}